"","n","nevent","coef","se","hazard_ratio","hr_confint_lower","hr_confint_upper","p_value","p_adjusted"
"CD11c+_epithelial_tumor_med_dist",62,49,0.4040107,0.129812,1.49781998615884,1.16135095169496,1.93177153526466,0.00185650556241197,0.329317268491769
"HLADR+_tumor_med_dist",46,36,0.5533964,0.1867859,1.73914988675588,1.20599227819869,2.50801135569514,0.00304923396751638,0.329317268491769
"NK/NKT_vascular_med_dist",51,39,0.4009959,0.1558077,1.49331112011381,1.10033920342881,2.02662787484683,0.0100629172902789,0.415628628178147
"CD4+_T_cells_region",69,54,-0.3813244,0.1512295,0.682956275800401,0.507768958860305,0.918585641198039,0.0116857106791146,0.415628628178147
"Neutrophils_prop",69,54,0.3316945,0.1387467,1.39332716899498,1.06157744025028,1.82875080634898,0.0168186831295902,0.415628628178147
"B_cells_tumor_med_dist",53,42,0.332935,0.1399367,1.39505665925662,1.06041897758388,1.83529635330607,0.017351074333554,0.415628628178147
"Other_immune_vascular_contact",69,54,-0.3747081,0.1578863,0.687489951074577,0.504514045218585,0.9368271058217,0.0176310194122358,0.415628628178147
"NK/NKT_M1_med_dist",51,40,0.3863379,0.1650611,1.47158190781451,1.0648395247605,2.03368982936095,0.0192540621229411,0.415628628178147
"CD4+_T_cells_prop",69,54,-0.5495519,0.2380375,0.577208403251695,0.362005174235438,0.920344692553171,0.0209614539005468,0.415628628178147
"CD4+_T_cells_tumor_med_dist",64,49,0.3213362,0.1401245,1.37896907449276,1.047804767755,1.81479963341038,0.0218353590475787,0.415628628178147
"CD4+_T_cells_M1_med_dist",63,49,0.3253985,0.1430198,1.38458234517632,1.04611667572964,1.83255684098224,0.0228939701434943,0.415628628178147
"HLADR+_vascular_med_dist",46,36,0.4368967,0.1923016,1.54789612052172,1.06182847506516,2.25646839973769,0.0230904793432304,0.415628628178147
"B_cells_M1_contact",69,54,-0.3681146,0.1688858,0.692037869266043,0.497020203290621,0.963575342264809,0.029282203825228,0.422660458356832
"Dendritic_cells_vascular_contact",69,54,0.2543378,0.1194888,1.28960733255104,1.02034827376765,1.62992099357254,0.0332915981018807,0.422660458356832
"CBX2",69,54,0.3302486,0.155478,1.39131396306981,1.02584566463422,1.8869841834573,0.0336629810001885,0.422660458356832
"Vascular_endothelial_cells_tumor_med_dist",68,53,0.2960145,0.1396363,1.34448965144182,1.02258365776536,1.76773059994365,0.0340147497703533,0.422660458356832
"CD8+_T_cells_prop",69,54,-0.3819364,0.181223,0.682538427146765,0.478486600583397,0.973608673605446,0.0350700074546145,0.422660458356832
"NK/NKT_tumor_med_dist",52,40,0.3141259,0.1519579,1.36906206740863,1.01642724887863,1.84403846560101,0.0387162936485929,0.422660458356832
"Monocytes_tumor_med_dist",54,42,0.2837043,0.1399413,1.32804018469638,1.00946885438063,1.74714724928342,0.0426308556737793,0.422660458356832
"CD4+_T_cells_vascular_contact",69,54,0.2910777,0.1435802,1.33786855761458,1.00971256221933,1.77267506063266,0.0426334642495045,0.422660458356832
"M1_macrophages_tumor_med_dist",68,54,0.2203627,0.109235,1.24652880823716,1.00628572734957,1.54412810152614,0.0436613948611826,0.422660458356832
"CD163+_cells_M1_med_dist",67,53,0.2532897,0.1260023,1.2882564221248,1.00634970594,1.64913309891179,0.044410213799567,0.422660458356832
"CD11c_low_immune_vascular_med_dist",37,29,0.3242097,0.1617326,1.38293732260257,1.00724570070625,1.89875780746066,0.0450055117694775,0.422660458356832
"CD8+_T_cells_tumor_contact",69,54,-0.2343076,0.1197616,0.791118427281484,0.625604986850997,1.00042099909506,0.0504122357420567,0.45371012167851
"B_cells_M1_med_dist",52,42,0.2914425,0.1511397,1.33835663726118,0.995225585997573,1.79979143794381,0.05381795638716,0.464987143185062
"Non-leukocyte_derived_neural_cells_vascular_contact",69,54,-0.366454,0.1945796,0.693188050754128,0.4733959954343,1.01502690842892,0.0596582425859213,0.474879498760309
"HLADR+_M1_med_dist",45,36,0.3639652,0.1938934,1.43902416091409,0.984069338552801,2.10431364393474,0.06049883210313,0.474879498760309
"CD11c_low_immune_M1_med_dist",37,29,0.3647317,0.1964873,1.44012751016633,0.979829872414406,2.1166605590697,0.0634163689143528,0.474879498760309
"Other_immune_prop",69,54,-0.3429398,0.1849853,0.709680936796896,0.493859409397472,1.01981864164012,0.0637569697409674,0.474879498760309
"CD11c_low_immune_vascular_contact",69,54,-0.2956351,0.1641747,0.74405885522416,0.539338603398735,1.02648610084413,0.0717446981156491,0.512411747658569
"Other_immune_vascular_med_dist",56,43,0.2334614,0.1304646,1.26296404108789,0.978001002095001,1.63095760194948,0.0735405748954428,0.512411747658569
"Other_immune_tumor_med_dist",56,43,0.2419512,0.1370734,1.27373200709927,0.973645790856563,1.66630744069856,0.0775433335717583,0.523417501609369
"CD11c_low_immune_prop",69,54,-0.3639023,0.2087826,0.694959104290731,0.461575950721375,1.04634601495543,0.0813384701768299,0.529520050120893
"CD4+_T_cells_vascular_med_dist",63,48,0.2577893,0.1488762,1.2940661674897,0.966568979691609,1.7325274046926,0.0833503782597702,0.529520050120893
"Other_immune_M1_med_dist",55,43,0.2719594,0.1599598,1.31253364752544,0.959295549532653,1.7958433943801,0.0890983380557982,0.53098676267887
"M2_macrophages_vascular_med_dist",31,23,-0.4006468,0.2358821,0.669886641653604,0.421908338687242,1.06361517779481,0.0894126143875083,0.53098676267887
"Monocytes_prop",69,54,-0.3122399,0.1847163,0.731805919308735,0.509524579326184,1.05105803579392,0.0909560658292509,0.53098676267887
"Vascular_endothelial_cells_M1_contact",69,54,0.2322891,0.140008,1.26148441401621,0.958753226137025,1.65980450800421,0.0970930354748419,0.545308986302757
"Unidentified_assort",69,54,0.2280077,0.137988,1.25609493685341,0.958444241618816,1.64618286789839,0.0984585669713311,0.545308986302757
"Other_immune_M1_contact",69,54,0.2038986,0.1289123,1.22617378221278,0.952405085237156,1.57863724951826,0.113721540632439,0.595964573759746
"Neutrophils_M1_contact",69,54,-0.3317046,0.209764,0.717699276653241,0.475763487366669,1.08266452846056,0.113804126383509,0.595964573759746
"B_cells_vascular_med_dist",52,41,0.2396959,0.1524496,1.27086264153362,0.942612597863018,1.71342061129604,0.115882000453284,0.595964573759746
"Lymphatic_endothelial_cells_region",69,54,0.2024718,0.1320828,1.22442550860725,0.945155589142285,1.58621272873035,0.125296623252557,0.602298645859227
"B_cells_tumor_contact",69,54,0.2294282,0.1497919,1.25788056166802,0.937856401573979,1.68710636806103,0.125609626613063,0.602298645859227
"M1_macrophages_vascular_med_dist",67,53,0.2011869,0.1318882,1.22285327394357,0.94430191808619,1.58357205566749,0.12715076632645,0.602298645859227
"CD11c+_epithelial_M1_med_dist",62,49,0.2187273,0.145103,1.24449182376785,0.936440468805532,1.65387971901783,0.131709831628525,0.602298645859227
"M1_macrophages_vascular_contact",69,54,0.2144801,0.1423011,1.23921740063234,0.93760652098149,1.63785098723764,0.131752394207951,0.602298645859227
"M2_macrophages_M1_contact",69,54,-0.2564139,0.171853,0.773821637939299,0.55253443540956,1.08373322813664,0.135685064400642,0.602298645859227
"CD8+_T_cells_region",69,54,-0.2275944,0.1535587,0.796447246599057,0.589450859419687,1.07613417891987,0.138304990226883,0.602298645859227
"Other_immune_tumor_contact",69,54,0.1978139,0.1338434,1.21873555991716,0.937522721131545,1.58429905913521,0.139420982837784,0.602298645859227
"Neuroepithelial_cells_tumor_contact",69,54,0.1902896,0.1347919,1.20959984966491,0.928766750716874,1.57534902620065,0.158029809704687,0.627260048356649
"B_cells_vascular_contact",69,54,0.1950737,0.1409162,1.21540054295435,0.922085836806616,1.60201840311266,0.166259204013639,0.627260048356649
"CD11b_low_Neutrophils_prop",69,54,0.2018461,0.1461019,1.22365972188749,0.918963945551301,1.62938178610641,0.167111991904812,0.627260048356649
"Age",69,54,0.01711732,0.01242625,1.01726465972167,0.99278843933588,1.042344317195,0.168353854908534,0.627260048356649
"CD11b+_epithelial_assort",69,54,0.1792974,0.1304418,1.196376542302,0.926479043909359,1.54489930493291,0.169274279559709,0.627260048356649
"CD11b_low_Neutrophils_vascular_contact",69,54,-0.2107441,0.1538069,0.809981280720217,0.599175848846883,1.09495347047077,0.170628721730752,0.627260048356649
"BRCA_Mutation",47,35,0.4916549,0.3589126,1.63501973920318,0.80912586371452,3.3039229957519,0.170735017492044,0.627260048356649
"CD11c_low_immune_tumor_med_dist",37,29,0.2212597,0.1652493,1.24764744413046,0.902467103270011,1.72485416831813,0.18058869068717,0.627260048356649
"NK/NKT_prop",69,54,-0.2405508,0.1804275,0.786194701674482,0.552013825138504,1.11972215331009,0.18245731429424,0.627260048356649
"Vascular_endothelial_cells_assort",69,54,0.2081755,0.1561583,1.23142927377761,0.906749459402936,1.67236720197766,0.182497089767684,0.627260048356649
"CD11c+_epithelial_vascular_contact",69,54,0.1661026,0.1252124,1.18069421854955,0.923754165212345,1.5091015447772,0.18465225464445,0.627260048356649
"Neuroepithelial_cells_assort",69,54,0.1759394,0.1339834,1.19236584854827,0.916985895524287,1.55044513086144,0.189134556105754,0.627260048356649
"CD56+CD45-_vascular_contact",69,54,-0.1680298,0.128491,0.845328644227569,0.657133885232863,1.08741998063058,0.190969431050736,0.627260048356649
"CD11b+_epithelial_tumor_contact",69,54,-0.1917088,0.1473495,0.825547196011758,0.61846872880843,1.10196060220529,0.193241996578494,0.627260048356649
"M1_macrophages_prop",69,54,-0.2189209,0.1685279,0.803385231505688,0.577394528224898,1.11782810305755,0.193937329048271,0.627260048356649
"B_cells_prop",69,54,-0.296609,0.2283804,0.743334564545894,0.475101694467215,1.16300632324258,0.19402973389671,0.627260048356649
"CD8+_T_cells_M1_med_dist",62,48,0.1816742,0.1407326,1.19922337813185,0.910140117187931,1.58012671180936,0.196732403713258,0.627260048356649
"CD4+_T_cells_assort",69,54,-0.183563,0.1440377,0.832299462698139,0.627587814377262,1.10378560535784,0.202518426515092,0.627260048356649
"CD11b+_epithelial_vascular_contact",69,54,0.1670021,0.1312264,1.18175680439479,0.913751289710238,1.5283689998142,0.203150711241485,0.627260048356649
"Dendritic_cells_M1_contact",69,54,0.1531363,0.1203651,1.16548385719895,0.920558401807666,1.47557462809965,0.20327871937484,0.627260048356649
"CD163+_cells_prop",69,54,-0.2620657,0.2091362,0.769460470445884,0.510704045370952,1.15932000332746,0.210174214316811,0.639403243555369
"Monocytes_vascular_med_dist",53,41,0.1610356,0.1325354,1.17472677383782,0.905988216851767,1.52317984660632,0.224351403429966,0.673054210289898
"Tumor_region",69,54,0.1634014,0.1372505,1.17750921392669,0.899780207091792,1.54096293511911,0.233836782328966,0.691900616206256
"CD11c+_epithelial_M1_contact",69,54,0.1581095,0.1364481,1.17129449623492,0.896440113246756,1.53042102493753,0.246557131388377,0.711239709042308
"Vascular_endothelial_cells_M1_med_dist",67,53,0.1459317,0.1260456,1.15711713144966,0.903830805459457,1.4813835153734,0.246958232306357,0.711239709042308
"CD163+_cells_tumor_med_dist",68,53,0.1275653,0.1179789,1.13605909553091,0.90152352329048,1.43161019673432,0.279583639632923,0.785954144895807
"Fibroblast_region",69,54,-0.1733353,0.1616686,0.840855669356733,0.612503903869369,1.15434081680588,0.283646498629702,0.785954144895807
"Vascular_endothelial_cells_prop",69,54,-0.1733444,0.1617343,0.840847987412765,0.612419434446349,1.15447893742183,0.283816774545708,0.785954144895807
"CD163+_cells_region",69,54,-0.1363161,0.1299233,0.87256677014883,0.676406472630368,1.12561425588845,0.294084052209249,0.804077914901238
"Other_immune_region",69,54,-0.1446293,0.1409398,0.865343009310772,0.656477914811168,1.14066064808656,0.30480771251147,0.822980823780969
"H3K14Ace",69,54,-0.1320906,0.1304361,0.876261590190996,0.67858831056074,1.13151724321565,0.311210858187241,0.829895621832643
"CD8+_T_cells_tumor_med_dist",63,48,0.129607,0.1318449,1.13838095602878,0.879146014655139,1.47405684544602,0.325594484996716,0.857663521454764
"Monocytes_M1_med_dist",54,42,0.1333961,0.1387941,1.14270254275147,0.870545467223911,1.49994359901115,0.336497840140681,0.872161345444896
"CD56+CD45-_M1_contact",69,54,-0.1479413,0.1547829,0.862481742530001,0.63679330383379,1.16815731528444,0.339173856561904,0.872161345444896
"Neutrophils_region",69,54,-0.1508818,0.1598075,0.859949335910841,0.628701528692959,1.17625427421961,0.345094286592812,0.875087998828492
"Monocytes_vascular_contact",69,54,0.115292,0.1229559,1.12220101694547,0.881881770311203,1.42800901983613,0.348414666200233,0.875087998828492
"HLADR+_tumor_contact",69,54,-0.1674645,0.1820418,0.845806624139973,0.59199338870649,1.20844059931512,0.357612648906793,0.886320112802371
"Monocytes_tumor_contact",69,54,-0.1001929,0.1097062,0.90466293596816,0.729633451125543,1.12167969608854,0.361093379289855,0.886320112802371
"Lymphatic_endothelial_cells_vascular_med_dist",26,23,0.1823819,0.203953,1.20007236011874,0.804641294183171,1.78983315911339,0.371196338345547,0.900881000928519
"NK/NKT_region",69,54,-0.1292296,0.1459229,0.878772157988449,0.66018624278821,1.16973129036167,0.375832081939793,0.901996996655503
"NK/NKT_tumor_contact",69,54,-0.114375,0.1333212,0.891923398796794,0.686822232150309,1.15827256614944,0.390952792206961,0.908103183941824
"CD56+CD45-_prop",69,54,0.1139351,0.1336764,1.12067934764307,0.862374387546012,1.45635378134035,0.394036377852468,0.908103183941824
"ATF6",69,54,0.1097647,0.129289,1.11601538897861,0.866202082238303,1.43787503398591,0.395888485553529,0.908103183941824
"CD163+_cells_tumor_contact",69,54,0.1208275,0.1438623,1.12843019245451,0.8511750584328,1.49599625438679,0.400974146871157,0.908103183941824
"Lymphatic_endothelial_cells_tumor_contact",69,54,0.1062048,0.1282867,1.11204963169756,0.86482117888745,1.42995386046117,0.407743681107075,0.908103183941824
"Dendritic_cells_M1_med_dist",25,21,-0.216457,0.2657086,0.80536715372493,0.478434349561332,1.35570586203457,0.415278042158966,0.908103183941824
"M2_macrophages_M1_med_dist",31,23,-0.1838763,0.2259238,0.832038690295556,0.534363508548508,1.29553828259944,0.415710062254388,0.908103183941824
"CD163+_cells_M1_contact",69,54,0.1092228,0.1357889,1.1154108805879,0.854773635778337,1.45552153278686,0.421190603101403,0.908103183941824
"CD11b+_epithelial_prop",69,54,0.09342642,0.1162816,1.09792981563034,0.874169223479166,1.37896627755028,0.421714787414973,0.908103183941824
"Lymphatic_endothelial_cells_M1_contact",69,54,-0.1293245,0.1618098,0.878688791867463,0.639885598056059,1.20661254964807,0.424152596343345,0.908103183941824
"Non-leukocyte_derived_neural_cells_vascular_med_dist",30,24,0.1736519,0.2188203,1.18964140823301,0.774739782958562,1.82673810137658,0.427438714752081,0.908103183941824
"CD8+_T_cells_M1_contact",69,54,0.1019704,0.1289577,1.10735068650385,0.860035201938356,1.4257852935983,0.429102877827074,0.908103183941824
"Neuroepithelial_cells_vascular_contact",69,54,-0.09102334,0.1161014,0.912996401519646,0.727182388856647,1.14629072700514,0.4330410127188,0.908103183941824
"CD56+CD45-_assort",69,54,0.1004823,0.1296277,1.10570407156609,0.85762933566311,1.42553600143884,0.438244625261538,0.908103183941824
"Fibroblast_M1_med_dist",66,52,-0.1067644,0.1386974,0.89873735757364,0.684815188120751,1.179484409677,0.441439047749498,0.908103183941824
"CD11b+_epithelial_vascular_med_dist",51,37,0.1276548,0.170318,1.13616078328612,0.813701060406806,1.58640732854884,0.453550480023899,0.922105401442879
"CD56+CD45-_tumor_contact",69,54,-0.1102143,0.1485725,0.895642204692957,0.669374908462623,1.19839412664816,0.45819543821699,0.922105401442879
"CD56+CD45-_vascular_med_dist",38,29,-0.1534216,0.2092535,0.857768041874056,0.569184382627156,1.29266725531789,0.463445457645377,0.922105401442879
"Unidentified_vascular_med_dist",68,53,-0.1054281,0.1452004,0.899939217317979,0.67704624078659,1.19621164121075,0.467785879415644,0.922105401442879
"Tumor_prop",69,54,0.1018418,0.1415917,1.10720828548979,0.838892396435707,1.46134378218935,0.471978357634862,0.922105401442879
"Fibroblast_tumor_contact",69,54,0.1061634,0.1482288,1.11200360477831,0.83163659743188,1.48688985171945,0.473859720185924,0.922105401442879
"Vascular_endothelial_cells_tumor_contact",69,54,-0.09933896,0.144438,0.905435749436302,0.682200097258488,1.20172057971233,0.491602746396143,0.939500158717015
"Lymphatic_endothelial_cells_prop",69,54,0.08854705,0.1325629,1.09258565672488,0.842592850392227,1.41674999583162,0.504157439762862,0.939500158717015
"CD11b+_epithelial_region",69,54,0.1014131,0.1547185,1.10673376391162,0.817234225391707,1.49878649978824,0.512166039213701,0.939500158717015
"CD11b_low_Neutrophils_M1_med_dist",63,49,0.08612528,0.1316346,1.08994286332496,0.842085405706034,1.41075410791258,0.512934477841783,0.939500158717015
"Lymphatic_endothelial_cells_assort",69,54,0.08316876,0.128018,1.08672518592758,0.845572075829307,1.3966540091465,0.515908848585046,0.939500158717015
"M2_macrophages_assort",69,54,0.08982979,0.139626,1.09398805664452,0.832075495106969,1.4383428848929,0.519990452756025,0.939500158717015
"Fibroblast_assort",69,54,-0.08766598,0.1364555,0.916066807238921,0.701093559206259,1.19695636096698,0.520580478390245,0.939500158717015
"CD8+_T_cells_vascular_med_dist",62,47,0.08638771,0.1349081,1.0902289411758,0.83691959399811,1.42020709360999,0.521948361558622,0.939500158717015
"CD11b_low_Neutrophils_tumor_contact",69,54,0.09117793,0.14496,1.09546390366393,0.824532667256405,1.4554197934009,0.529357781114559,0.939500158717015
"Non-leukocyte_derived_neural_cells_M1_contact",69,54,0.07346817,0.1195905,1.07623428131054,0.851356056432739,1.36051211419265,0.538996404387274,0.939500158717015
"Dendritic_cells_tumor_contact",69,54,-0.09304504,0.1526207,0.911152464349936,0.675585097721499,1.22885897881839,0.542094489810669,0.939500158717015
"Dendritic_cells_prop",69,54,-0.1007329,0.1659522,0.904174460705268,0.653120707411341,1.25173102937123,0.543851093747523,0.939500158717015
"Fibroblast_tumor_med_dist",67,52,-0.07894553,0.1318961,0.924090258505263,0.71358262058769,1.19669787523838,0.549477333964582,0.939500158717015
"Unidentified_M1_contact",69,54,0.07787454,0.1311204,1.08098703299544,0.83600836214046,1.39775272404269,0.552568009287253,0.939500158717015
"Dendritic_cells_assort",69,54,-0.08673742,0.1488073,0.916917832153149,0.684960309412881,1.22742631852797,0.559971322218577,0.939500158717015
"CD11b+_epithelial_M1_contact",69,54,-0.08184211,0.1417177,0.921417434416447,0.697952827744893,1.21642904032607,0.563601198499057,0.939500158717015
"M2_macrophages_tumor_contact",69,54,-0.1001273,0.1745644,0.904722243028238,0.64257787179329,1.2738103395091,0.566249577736937,0.939500158717015
"CD11c_low_immune_tumor_contact",69,54,0.07593076,0.1353166,1.07888786682285,0.827550689259607,1.40655919242719,0.574706146540075,0.939500158717015
"CD11c+_epithelial_vascular_med_dist",61,48,0.08144159,0.14542,1.08484984564779,0.815807927523494,1.44261798383681,0.575449427294534,0.939500158717015
"CD56+CD45-_M1_med_dist",37,29,-0.1096586,0.2007365,0.896139982302516,0.60465641898047,1.32813750532117,0.584872340957664,0.939500158717015
"Neuroepithelial_cells_M1_contact",69,54,-0.06738565,0.1233696,0.934834611048548,0.734044514323794,1.19054871054972,0.584921883144901,0.939500158717015
"Non-leukocyte_derived_neural_cells_tumor_contact",69,54,0.07608343,0.1411391,1.07905259238518,0.818285382198028,1.42291983024987,0.589840645143757,0.939500158717015
"Fibroblast_vascular_contact",69,54,-0.07555029,0.1403331,0.927233096400797,0.704266788303686,1.22078909489946,0.590325648752228,0.939500158717015
"Unidentified_tumor_contact",69,54,-0.07833924,0.1476018,0.924650690592063,0.692370882207358,1.2348568109719,0.595594029179834,0.939500158717015
"Neutrophils_M1_med_dist",50,38,-0.08047444,0.1540105,0.922678488224848,0.682270167920935,1.24779835417272,0.601304488108397,0.939500158717015
"Lymphatic_endothelial_cells_M1_med_dist",27,24,0.1034775,0.199447,1.10902079170861,0.750188010001462,1.63949183410648,0.60388494506174,0.939500158717015
"NK/NKT_M1_contact",69,54,-0.06587077,0.130778,0.936251845250468,0.724559857969215,1.2097931014171,0.614483464499649,0.939500158717015
"Non-leukocyte_derived_neural_cells_assort",69,54,-0.06903429,0.1385101,0.933294681258381,0.71140803221853,1.22438730323137,0.618197851553278,0.939500158717015
"Neutrophils_tumor_contact",69,54,-0.05350015,0.1102457,0.94790579987927,0.763701883595047,1.17653946486952,0.62747702935111,0.939500158717015
"M1_macrophages_tumor_contact",69,54,0.06545985,0.137716,1.06764986841457,0.815088458964113,1.39846936733016,0.634555493504299,0.939500158717015
"HLADR+_region",69,54,0.06442753,0.1356432,1.0665482842936,0.817562221952291,1.39136228679118,0.6348026915215,0.939500158717015
"CD163+_cells_vascular_contact",69,54,0.05755886,0.1241631,1.05924761149465,0.830442623535207,1.35109334547488,0.642952701099465,0.939500158717015
"M2_macrophages_tumor_med_dist",31,23,-0.09278462,0.205128,0.911389773398505,0.609675736920102,1.36241491788976,0.651034465234024,0.939500158717015
"Non-leukocyte_derived_neural_cells_M1_med_dist",30,24,0.09838237,0.2207038,1.10338460415938,0.715918399393831,1.70055356270599,0.655765862616943,0.939500158717015
"CD11b+_epithelial_tumor_med_dist",52,38,0.08086633,0.1815445,1.08422595595629,0.759606819573285,1.54757157687146,0.656005182422972,0.939500158717015
"NK/NKT_assort",69,54,0.060025,0.1375142,1.06186309008016,0.810991331771068,1.39033942522198,0.662473776782157,0.939500158717015
"Vascular_endothelial_cells_region",69,54,0.05995873,0.1378479,1.06179272400943,0.810407356191574,1.39115690417407,0.663589391707691,0.939500158717015
"Fibroblast_vascular_med_dist",66,51,-0.05820029,0.1338815,0.943460966701998,0.725711117145242,1.22654672728697,0.6637694257993,0.939500158717015
"B_cells_assort",69,54,-0.06731056,0.1565731,0.934904808913152,0.68784744654431,1.27069891168468,0.667269371052354,0.939500158717015
"M2_macrophages_region",69,54,0.07258783,0.1805079,1.07528724286067,0.754876481196432,1.53169781210606,0.687587585528458,0.939500158717015
"Monocytes_M1_contact",69,54,-0.05517118,0.1381706,0.946323146652923,0.721819139784636,1.24065357723582,0.689674109850056,0.939500158717015
"CD56+CD45-_region",69,54,0.05361304,0.1390419,1.05507625514372,0.803398785514923,1.38559570195842,0.699800987444864,0.939500158717015
"Tumor_M1_med_dist",68,54,-0.05763588,0.1495986,0.943993614989066,0.704093705343284,1.2656325974476,0.70003734735108,0.939500158717015
"Tumor_assort",69,54,0.05030682,0.1307193,1.05159370127137,0.813915846424076,1.35867770287574,0.700351383005591,0.939500158717015
"Tumor_vascular_med_dist",68,53,-0.05203856,0.1360746,0.949292260134738,0.727064699813979,1.23944374604115,0.702144811806907,0.939500158717015
"CD11c_low_immune_region",69,54,-0.04902011,0.1356074,0.952161980458282,0.729930638263844,1.24205286023702,0.717736564538631,0.939500158717015
"Other_immune_assort",69,54,-0.05352125,0.1484863,0.947885794868972,0.708539847328582,1.2680832044972,0.71851376164267,0.939500158717015
"CD11b_low_Neutrophils_tumor_med_dist",63,49,0.04638819,0.1289132,1.04748095813226,0.813607726912452,1.34858153549437,0.718966287649648,0.939500158717015
"Unidentified_region",69,54,-0.04696961,0.1325228,0.9541163891878,0.73586436807404,1.23710037285726,0.723019085159803,0.939500158717015
"Unidentified_prop",69,54,0.04392961,0.1271759,1.04490880140776,0.814378037845555,1.34069725915971,0.729775652690372,0.939500158717015
"Monocytes_assort",69,54,0.04697021,0.1390331,1.04809078180792,0.798093399569826,1.37639816029404,0.735487741541999,0.939500158717015
"CD11c+_epithelial_region",69,54,0.0415468,0.1249002,1.04242194590874,0.816071651388846,1.33155405099888,0.739406088344925,0.939500158717015
"Dendritic_cells_vascular_med_dist",26,21,-0.07503639,0.2312876,0.927709723371916,0.589575975344238,1.45977001579192,0.745613265529101,0.939500158717015
"CD11c_low_immune_assort",69,54,-0.04629577,0.1428968,0.954759531112085,0.721539296789651,1.26336260035344,0.745952907182248,0.939500158717015
"CD8+_T_cells_vascular_contact",69,54,-0.04330411,0.1344504,0.957620121396497,0.735781582384468,1.24634309808568,0.747390161769276,0.939500158717015
"Unidentified_vascular_contact",69,54,0.04777655,0.1485836,1.04893624148696,0.783925013123691,1.40353633355895,0.74779618493657,0.939500158717015
"Tumor_M1_contact",69,54,0.04773262,0.1508348,1.04889016759,0.780439489593749,1.40968082514593,0.751656125431704,0.939500158717015
"Neuroepithelial_cells_prop",69,54,0.03862571,0.1278178,1.03938137867678,0.809051609875475,1.33528397589658,0.762504554477638,0.939500158717015
"HLADR+_M1_contact",69,54,0.05077415,0.1687012,1.05208524806836,0.755878898966384,1.46436601248779,0.763436695021288,0.939500158717015
"M1_macrophages_assort",69,54,0.04476184,0.1505766,1.0457787667837,0.77851817830943,1.40478830106515,0.766260770446597,0.939500158717015
"M2_macrophages_vascular_contact",69,54,0.04400853,0.1524018,1.04499127375099,0.775153967834142,1.4087611075086,0.772760138676018,0.939500158717015
"DUSP1",69,54,-0.03855664,0.1340147,0.962177206541374,0.739914568217219,1.25120522902852,0.773572843033698,0.939500158717015
"Neutrophils_vascular_med_dist",50,37,-0.04591611,0.1658446,0.95512208155133,0.690067659108786,1.32198369047626,0.781885912254514,0.939500158717015
"HLADR+_vascular_contact",69,54,-0.03701862,0.1344432,0.963658195390147,0.740431328917334,1.25418398881157,0.78304912681799,0.939500158717015
"Lymphatic_endothelial_cells_vascular_contact",69,54,0.03979851,0.146096,1.04060107948825,0.781496647293768,1.38561132716551,0.785304195508612,0.939500158717015
"Tumor_vascular_contact",69,54,-0.03774602,0.1417363,0.962957479828744,0.729391969852483,1.27131521360958,0.789999192702035,0.939500158717015
"Non-leukocyte_derived_neural_cells_prop",69,54,0.03636551,0.1367372,1.03703482043906,0.793236002208253,1.3557645086824,0.790276328586381,0.939500158717015
"Neuroepithelial_cells_vascular_med_dist",47,38,-0.04093067,0.1589423,0.959895680728053,0.702962395567678,1.31073827517658,0.79677814874529,0.939500158717015
"CD11b_low_Neutrophils_assort",69,54,-0.03963677,0.1554388,0.961138486603518,0.708722513392607,1.30345399359249,0.79872368641251,0.939500158717015
"HLADR+_assort",69,54,0.03188694,0.1297901,1.03240077250697,0.80051740200121,1.33145307323547,0.805929344550338,0.939500158717015
"Neuroepithelial_cells_tumor_med_dist",47,38,-0.04032218,0.1657443,0.96047993750324,0.694075130529549,1.32913811454732,0.807788925412351,0.939500158717015
"Neuroepithelial_cells_region",69,54,0.03778475,0.1553339,1.03850766794068,0.765930333105551,1.40808912998485,0.807812824139399,0.939500158717015
"CD163+_cells_vascular_med_dist",67,52,0.03093443,0.1272152,1.03141787359342,0.803801636243254,1.32348925655339,0.807876666174278,0.939500158717015
"CD11c+_epithelial_tumor_contact",69,54,-0.03408513,0.1420562,0.966489228426095,0.731608140819513,1.27677834150032,0.810375943401617,0.939500158717015
"NK/NKT_vascular_contact",69,54,-0.03151328,0.137003,0.968978087069471,0.740792797394868,1.26745094785301,0.818077133093226,0.939500158717015
"CD11c+_epithelial_prop",69,54,0.03303952,0.1460054,1.03359138527743,0.776370249397929,1.37603308801204,0.820976066246604,0.939500158717015
"M2_macrophages_prop",69,54,0.02905908,0.1322763,1.0294854124436,0.794376607375058,1.33417853017641,0.826116668672354,0.939500158717015
"Unidentified_tumor_med_dist",69,54,-0.02907726,0.13243,0.971341411766,0.749285385665386,1.25920531250414,0.82620839128547,0.939500158717015
"Fibroblast_M1_contact",69,54,0.02861291,0.1310072,1.02902618809742,0.795999693414459,1.33027048194975,0.827111904758713,0.939500158717015
"Unidentified_M1_med_dist",68,54,-0.02760728,0.1344278,0.972770322724779,0.747455220517836,1.26600507267644,0.837283973860739,0.939500158717015
"CD11b_low_Neutrophils_region",69,54,-0.02836215,0.1417288,0.972036275777195,0.736279473485386,1.28328244294801,0.841390122935043,0.939500158717015
"Non-leukocyte_derived_neural_cells_tumor_med_dist",30,24,0.04142911,0.2085319,1.04229927285715,0.692611544166847,1.56853835797,0.842520623862757,0.939500158717015
"HLADR+_prop",69,54,0.02778827,0.1410415,1.02817796543026,0.779854496993693,1.35557329305862,0.843810327736578,0.939500158717015
"CD11c_low_immune_M1_contact",69,54,0.02439912,0.1341144,1.02469921284217,0.787840057785825,1.33276858217941,0.855639448512507,0.947785235275392
"CD8+_T_cells_assort",69,54,-0.02291159,0.1494824,0.977348885536565,0.729138369175665,1.31005428385217,0.878183137621482,0.967793661868572
"CD163+_cells_assort",69,54,-0.0182144,0.1325897,0.981950483704228,0.757232134887883,1.27335688492636,0.890735066993819,0.970335568208085
"Non-leukocyte_derived_neural_cells_region",69,54,0.01636024,0.1256863,1.01649480378695,0.794549234283759,1.30043758340198,0.896434068930557,0.970335568208085
"CD56+CD45-_tumor_med_dist",38,29,-0.02599237,0.2005687,0.974342519872774,0.657638618312116,1.4435638656206,0.896888123914171,0.970335568208085
"Fibroblast_prop",69,54,0.01717215,0.1345691,1.01732044331214,0.781470032158626,1.32435134015571,0.89845885945193,0.970335568208085
"Neutrophils_vascular_contact",69,54,0.01715703,0.1421788,1.01730506129865,0.769889463997922,1.34423139442606,0.903950660698374,0.971409665228103
"B_cells_region",69,54,-0.01608251,0.1430557,0.984046121479958,0.743440459720368,1.30252094372692,0.910489367119671,0.973592590583411
"Neutrophils_assort",69,54,-0.01547323,0.1567853,0.984645863145924,0.724142721892379,1.33886241827681,0.92138394880056,0.980388832221285
"CD11b_low_Neutrophils_vascular_med_dist",62,48,0.01123985,0.1364516,1.01130325550095,0.773986914234832,1.32138445208457,0.934350538047964,0.989140160716844
"Lymphatic_endothelial_cells_tumor_med_dist",27,24,0.01539469,0.2004012,1.01551379497209,0.685652377564385,1.50406868192005,0.938767282161819,0.989140160716844
"Neutrophils_tumor_med_dist",51,38,0.01024527,0.1510089,1.0102979298443,0.751467915832653,1.35827742681031,0.945908664719807,0.989779060432279
"Monocytes_region",69,54,-0.008320868,0.1355605,0.991713654171247,0.760320965148843,1.29352736140474,0.951055619485672,0.989779060432279
"Dendritic_cells_tumor_med_dist",26,21,-0.01215338,0.2067306,0.987920172336513,0.658798221597472,1.481464635018,0.953120576712565,0.989779060432279
"Neuroepithelial_cells_M1_med_dist",47,38,-0.008157542,0.1588728,0.991875640875779,0.726481378939482,1.35422230422329,0.959049508333646,0.991170783732381
"CD11b_low_Neutrophils_M1_contact",69,54,0.00608949,0.1493951,1.0061080681621,0.750722277247433,1.34837272783799,0.96748645017144,0.995128920176338
"CD11b+_epithelial_M1_med_dist",52,38,0.004075219,0.178384,1.00408353363233,0.707830175009208,1.4243299849409,0.981773755215487,0.999363884318868
"CD4+_T_cells_tumor_contact",69,54,0.001966938,0.119193,1.00196887397766,0.793226114528352,1.26564368725682,0.986833798446369,0.999363884318868
"CD4+_T_cells_M1_contact",69,54,0.002067995,0.1441828,1.00207013494903,0.755386910165623,1.32931156450222,0.988556441677186,0.999363884318868
"Dendritic_cells_region",69,54,-0.001541196,0.1417105,0.998459991362677,0.756321584989344,1.31811966515011,0.991322645568965,0.999363884318868
"CD11c+_epithelial_assort",69,54,0.0008225875,0.1247102,1.00082292593204,0.783797172170925,1.27794098350324,0.994737199669244,0.999363884318868
"M1_macrophages_region",69,54,-8.080949e-05,0.1357735,0.999919193772192,0.766292004054796,1.30477466655457,0.999525116139448,0.999525116139448
